-- phpMyAdmin SQL Dump
-- version 4.9.0.1
-- https://www.phpmyadmin.net/
--
-- Servidor: 127.0.0.1
-- Tiempo de generación: 02-05-2021 a las 11:55:23
-- Versión del servidor: 10.4.6-MariaDB
-- Versión de PHP: 7.3.8

SET SQL_MODE = "NO_AUTO_VALUE_ON_ZERO";
SET AUTOCOMMIT = 0;
START TRANSACTION;
SET time_zone = "+00:00";


/*!40101 SET @OLD_CHARACTER_SET_CLIENT=@@CHARACTER_SET_CLIENT */;
/*!40101 SET @OLD_CHARACTER_SET_RESULTS=@@CHARACTER_SET_RESULTS */;
/*!40101 SET @OLD_COLLATION_CONNECTION=@@COLLATION_CONNECTION */;
/*!40101 SET NAMES utf8mb4 */;

--
-- Base de datos: `clime_home`
--

DELIMITER $$
--
-- Procedimientos
--
CREATE DEFINER=`root`@`localhost` PROCEDURE `insertar_img` (IN `id` INT, IN `ruta` VARCHAR(255))  NO SQL
BEGIN
START TRANSACTION;
SELECT @cod_e := Max(EXP_CODIGO) from tbl_expedientes;
INSERT INTO tbl_imagenes (PER_CODIGO,EXP_CODIGO,RUTA) 
	VALUES (id,@cod_e,ruta);
commit;
end$$

DELIMITER ;

-- --------------------------------------------------------

--
-- Estructura de tabla para la tabla `tbl_bitacora`
--

CREATE TABLE `tbl_bitacora` (
  `BIT_CODIGO` int(7) NOT NULL,
  `USU_CODIGO` int(11) NOT NULL,
  `OBJ_CODIGO` int(11) NOT NULL,
  `BIT_ACCION` varchar(20) NOT NULL,
  `BIT_DESCRIPCION` varchar(100) NOT NULL,
  `BIT_FECHA` date NOT NULL,
  `BIT_HORA` time NOT NULL
) ENGINE=InnoDB DEFAULT CHARSET=utf8;

--
-- Volcado de datos para la tabla `tbl_bitacora`
--

INSERT INTO `tbl_bitacora` (`BIT_CODIGO`, `USU_CODIGO`, `OBJ_CODIGO`, `BIT_ACCION`, `BIT_DESCRIPCION`, `BIT_FECHA`, `BIT_HORA`) VALUES
(1, 1, 6, 'INGRESO', 'INGRESO A LA PANTALLA RECUPERAR CONTRA', '2021-01-22', '00:00:00'),
(2, 1, 6, 'CONSULTA', 'VERIFICA LAS CREDENCIALES DEL USUARIO', '2021-01-22', '00:00:00'),
(3, 1, 8, 'INGRESO', 'INGRESO ALA PANTALLA DE VERIFICAR PREGUNTAS', '2021-01-22', '20:01:09'),
(4, 1, 8, 'INGRESO', 'INGRESO ALA PANTALLA DE VERIFICAR PREGUNTAS', '2021-01-22', '20:01:50'),
(5, 1, 8, 'CONSULTA', 'VERIFICAR PREGUNTAS DE SEGURIDAD', '2021-01-22', '00:00:00'),
(6, 1, 9, 'INGRESO', 'INGRESO ALA PANTALLA DE RESTABLECER CONTRASEÑA POR PREGUNTAS DE SEGURIDAD', '2021-01-22', '20:01:51'),
(7, 1, 9, 'INGRESO', 'INGRESO ALA PANTALLA DE RESTABLECER CONTRASEÑA POR PREGUNTAS DE SEGURIDAD', '2021-01-22', '20:01:31'),
(8, 1, 9, 'UPDATE', 'ACTUALIZO LA CONTRASEÑA POR PREGUNTAS DE SEGURIDAD', '2021-01-22', '00:00:00'),
(9, 1, 2, 'INGRESO', 'INGRESO A LA PANTALLA DE LOGIN', '2021-01-22', '20:18:04'),
(10, 1, 2, 'CONSULTA', 'VERIFICA LAS CREDENCIALES DEL USUARIO', '2021-01-22', '20:18:04'),
(11, 1, 38, 'INGRESO', 'INGRESO ALA PANTALLA PRINCIPAL ADMINISTRADOR', '2021-01-22', '20:18:04'),
(12, 1, 37, 'SALIO', 'CERRO SESION', '2021-01-22', '20:18:46'),
(13, 1, 6, 'INGRESO', 'INGRESO A LA PANTALLA RECUPERAR CONTRA', '2021-04-13', '00:00:00'),
(14, 1, 6, 'CONSULTA', 'VERIFICA LAS CREDENCIALES DEL USUARIO', '2021-04-13', '00:00:00'),
(15, 1, 8, 'INGRESO', 'INGRESO ALA PANTALLA DE VERIFICAR PREGUNTAS', '2021-04-13', '11:04:43'),
(16, 1, 8, 'INGRESO', 'INGRESO ALA PANTALLA DE VERIFICAR PREGUNTAS', '2021-04-13', '11:04:04'),
(17, 1, 8, 'CONSULTA', 'VERIFICAR PREGUNTAS DE SEGURIDAD', '2021-04-13', '00:00:00'),
(18, 1, 9, 'INGRESO', 'INGRESO ALA PANTALLA DE RESTABLECER CONTRASEÑA POR PREGUNTAS DE SEGURIDAD', '2021-04-13', '11:04:05'),
(19, 1, 9, 'INGRESO', 'INGRESO ALA PANTALLA DE RESTABLECER CONTRASEÑA POR PREGUNTAS DE SEGURIDAD', '2021-04-13', '11:04:48'),
(20, 1, 9, 'UPDATE', 'ACTUALIZO LA CONTRASEÑA POR PREGUNTAS DE SEGURIDAD', '2021-04-13', '00:00:00'),
(21, 1, 2, 'INGRESO', 'INGRESO A LA PANTALLA DE LOGIN', '2021-04-13', '11:04:23'),
(22, 1, 2, 'CONSULTA', 'VERIFICA LAS CREDENCIALES DEL USUARIO', '2021-04-13', '11:04:23'),
(23, 1, 38, 'INGRESO', 'INGRESO ALA PANTALLA PRINCIPAL ADMINISTRADOR', '2021-04-13', '11:04:23'),
(24, 1, 11, 'INGRESO', 'INGRESO ALA PANTALLA DE MOSTRAR USUARIOS', '2021-04-13', '11:04:33'),
(25, 1, 11, 'CONSULTA', 'MUESTRA LA LISTA DE USUARIOS REGISTRADOS', '2021-04-13', '11:04:33'),
(26, 1, 11, 'INGRESO', 'INGRESO ALA PANTALLA DE MOSTRAR USUARIOS', '2021-04-13', '11:26:05'),
(27, 1, 11, 'CONSULTA', 'MUESTRA LA LISTA DE USUARIOS REGISTRADOS', '2021-04-13', '11:26:05'),
(28, 1, 11, 'INGRESO', 'INGRESO ALA PANTALLA DE MOSTRAR USUARIOS', '2021-04-13', '11:27:21'),
(29, 1, 11, 'CONSULTA', 'MUESTRA LA LISTA DE USUARIOS REGISTRADOS', '2021-04-13', '11:27:21'),
(30, 1, 11, 'INGRESO', 'INGRESO ALA PANTALLA DE MOSTRAR USUARIOS', '2021-04-13', '11:27:36'),
(31, 1, 11, 'CONSULTA', 'MUESTRA LA LISTA DE USUARIOS REGISTRADOS', '2021-04-13', '11:27:36'),
(32, 1, 37, 'SALIO', 'CERRO SESION', '2021-04-13', '11:27:38'),
(33, 1, 2, 'INGRESO', 'INGRESO A LA PANTALLA DE LOGIN', '2021-04-13', '11:29:04'),
(34, 1, 2, 'CONSULTA', 'VERIFICA LAS CREDENCIALES DEL USUARIO', '2021-04-13', '11:29:04'),
(35, 1, 38, 'INGRESO', 'INGRESO ALA PANTALLA PRINCIPAL ADMINISTRADOR', '2021-04-13', '11:29:07'),
(36, 1, 11, 'INGRESO', 'INGRESO ALA PANTALLA DE MOSTRAR USUARIOS', '2021-04-13', '11:29:30'),
(37, 1, 11, 'CONSULTA', 'MUESTRA LA LISTA DE USUARIOS REGISTRADOS', '2021-04-13', '11:29:30'),
(38, 1, 37, 'SALIO', 'CERRO SESION', '2021-04-13', '11:39:22'),
(39, 1, 2, 'INGRESO', 'INGRESO A LA PANTALLA DE LOGIN', '2021-04-30', '18:37:52'),
(40, 1, 2, 'CONSULTA', 'VERIFICA LAS CREDENCIALES DEL USUARIO', '2021-04-30', '18:37:52'),
(41, 1, 38, 'INGRESO', 'INGRESO ALA PANTALLA PRINCIPAL ADMINISTRADOR', '2021-04-30', '18:37:52'),
(42, 1, 38, 'INGRESO', 'INGRESO ALA PANTALLA PRINCIPAL ADMINISTRADOR', '2021-04-30', '18:38:18'),
(43, 1, 11, 'INGRESO', 'INGRESO ALA PANTALLA DE MOSTRAR USUARIOS', '2021-04-30', '18:39:08'),
(44, 1, 11, 'CONSULTA', 'MUESTRA LA LISTA DE USUARIOS REGISTRADOS', '2021-04-30', '18:39:08'),
(45, 1, 11, 'INGRESO', 'INGRESO ALA PANTALLA DE MOSTRAR USUARIOS', '2021-04-30', '18:39:14'),
(46, 1, 11, 'CONSULTA', 'MUESTRA LA LISTA DE USUARIOS REGISTRADOS', '2021-04-30', '18:39:14'),
(47, 1, 38, 'INGRESO', 'INGRESO ALA PANTALLA PRINCIPAL ADMINISTRADOR', '2021-04-30', '18:39:20'),
(48, 1, 38, 'INGRESO', 'INGRESO ALA PANTALLA PRINCIPAL ADMINISTRADOR', '2021-04-30', '18:39:57'),
(49, 1, 11, 'INGRESO', 'INGRESO ALA PANTALLA DE MOSTRAR USUARIOS', '2021-04-30', '18:40:00'),
(50, 1, 11, 'CONSULTA', 'MUESTRA LA LISTA DE USUARIOS REGISTRADOS', '2021-04-30', '18:40:00'),
(51, 1, 30, 'INGRESO', 'INGRESO ALA PANTALLA DE MOSTRAR PARAMETROS', '2021-04-30', '18:41:13'),
(52, 1, 30, 'CONSULTA', 'MUESTRA LA LISTA DE PARAMETROS', '2021-04-30', '18:41:13'),
(53, 1, 11, 'INGRESO', 'INGRESO ALA PANTALLA DE MOSTRAR USUARIOS', '2021-04-30', '18:42:14'),
(54, 1, 11, 'CONSULTA', 'MUESTRA LA LISTA DE USUARIOS REGISTRADOS', '2021-04-30', '18:42:14'),
(55, 1, 1, 'INGRESO', 'INGRESO ALA PANTALLA AÑADIR USUARIOS', '2021-04-30', '18:42:26'),
(56, 1, 11, 'INGRESO', 'INGRESO ALA PANTALLA DE MOSTRAR USUARIOS', '2021-04-30', '18:42:52'),
(57, 1, 11, 'CONSULTA', 'MUESTRA LA LISTA DE USUARIOS REGISTRADOS', '2021-04-30', '18:42:52'),
(58, 1, 28, 'INGRESO', 'INGRESO ALA PANTALLA DE MOSTRAR CITAS', '2021-04-30', '18:43:00'),
(59, 1, 28, 'CONSULTA', 'MUESTRA LA LISTA DE CITAS DE PACIENTES', '2021-04-30', '18:43:00'),
(60, 1, 37, 'SALIO', 'CERRO SESION', '2021-04-30', '18:43:24');

-- --------------------------------------------------------

--
-- Estructura de tabla para la tabla `tbl_citas`
--

CREATE TABLE `tbl_citas` (
  `CIT_CODIGO` int(11) NOT NULL,
  `PER_CODIGO` int(11) NOT NULL,
  `USU_CODIGO` int(11) NOT NULL,
  `HOR_CODIGO` int(11) NOT NULL,
  `CIT_FECHA_CITA` date NOT NULL,
  `CIT_ESTADO` varchar(50) NOT NULL,
  `CIT_DESCRIPCION` varchar(150) DEFAULT NULL,
  `CIT_ESTADO_REGISTRO` enum('A','I') NOT NULL
) ENGINE=InnoDB DEFAULT CHARSET=utf8;

-- --------------------------------------------------------

--
-- Estructura de tabla para la tabla `tbl_expedientes`
--

CREATE TABLE `tbl_expedientes` (
  `EXP_CODIGO` int(7) NOT NULL,
  `PER_CODIGO` int(7) NOT NULL,
  `EXP_FECHA_CREACION` date NOT NULL,
  `EXP_ANTECEDENTES_CLINICOS` varchar(500) NOT NULL,
  `EXP_MEDICAMENTO` varchar(500) NOT NULL
) ENGINE=InnoDB DEFAULT CHARSET=utf8;

-- --------------------------------------------------------

--
-- Estructura de tabla para la tabla `tbl_expediente_nutricionista`
--

CREATE TABLE `tbl_expediente_nutricionista` (
  `NUTRI_CODIGO` int(7) NOT NULL,
  `PER_CODIGO` int(7) NOT NULL,
  `NUTRI_FECHA_CREACION` date NOT NULL,
  `NUTRI_ANTECEDENTES_CLINICOS` varchar(250) NOT NULL,
  `NUTRI_PESO` float NOT NULL,
  `NUTRI_ALTURA` float NOT NULL,
  `NUTRI_DIETA` varchar(250) NOT NULL
) ENGINE=InnoDB DEFAULT CHARSET=utf8;

-- --------------------------------------------------------

--
-- Estructura de tabla para la tabla `tbl_horario`
--

CREATE TABLE `tbl_horario` (
  `HOR_CODIGO` int(11) NOT NULL,
  `HOR_HORA` varchar(15) NOT NULL
) ENGINE=InnoDB DEFAULT CHARSET=utf8;

--
-- Volcado de datos para la tabla `tbl_horario`
--

INSERT INTO `tbl_horario` (`HOR_CODIGO`, `HOR_HORA`) VALUES
(1, '08:00-08:30 AM'),
(2, '08:30-09:00 AM'),
(3, '09:00-09:30 AM'),
(4, '09:30-10:00 AM'),
(5, '10:00-10:30 AM'),
(6, '10:30-11:00 AM'),
(7, '11:30-12:00 AM'),
(8, '12:00-12:30 PM'),
(9, '12:30-01:00 PM'),
(10, '01:00-01:30 PM'),
(11, '01:30-02:00 PM'),
(12, '02:00-02:30 PM'),
(13, '02:30-03:00 PM'),
(14, '03:00-03:30 PM'),
(15, '03:30-04:00 PM'),
(16, '04:00-04:30 PM'),
(17, '04:30-05:00 PM'),
(18, '05:00-05:30 PM'),
(19, '05:30-06:00 PM');

-- --------------------------------------------------------

--
-- Estructura de tabla para la tabla `tbl_imagenes`
--

CREATE TABLE `tbl_imagenes` (
  `ID_IMG` int(11) NOT NULL,
  `PER_CODIGO` int(11) NOT NULL,
  `EXP_CODIGO` int(11) NOT NULL,
  `RUTA` varchar(255) NOT NULL
) ENGINE=InnoDB DEFAULT CHARSET=utf8;

-- --------------------------------------------------------

--
-- Estructura de tabla para la tabla `tbl_objetos`
--

CREATE TABLE `tbl_objetos` (
  `OBJ_CODIGO` int(7) NOT NULL,
  `OBJ_NOMBRE` varchar(100) NOT NULL,
  `OBJ_DESCRIPCION` varchar(100) NOT NULL,
  `OBJ_TIPO` varchar(15) NOT NULL
) ENGINE=InnoDB DEFAULT CHARSET=utf8;

--
-- Volcado de datos para la tabla `tbl_objetos`
--

INSERT INTO `tbl_objetos` (`OBJ_CODIGO`, `OBJ_NOMBRE`, `OBJ_DESCRIPCION`, `OBJ_TIPO`) VALUES
(1, 'AÑADIR USUARIOS', 'CREACIÓN DE USUARIOS ', 'INSERTAR'),
(2, 'LOGIN', 'VERIFICACIÓN DE USUARIOS', 'INGRESO'),
(3, 'AUTOREGISTRO', 'AUTOREGISTRO USUARIOS', 'INSERTAR'),
(4, 'PREGUNTAS DE SEGURIDAD', 'REGISTRO DE PREGUNTAS DE SEGURIDAD DE USUARIO', 'INSERTAR'),
(5, 'CAMBIO DE CONTRASEÑA', 'REGISTRO DE CONTRASEÑA NUEVA', 'UPDATE'),
(6, 'RECUPERACIÓN DE CONTRASEÑA', 'VERIFICA USUARIO PARA RECUPERACIÓN DE CONTRASEÑA', 'INGRESO'),
(7, 'RESTABLECER CONTRASEÑA POR CORREO', 'CAMBIO DE COTRASEÑA POR EMAIL', 'UPDATE'),
(8, 'VERIFICACIÓN POR PREGUNTAS', 'COMPROBAR PREGUNTAS DE SEGURIDAD ANTES REGISTRADAS POR \r\nEL USUARIO', 'INGRESO'),
(9, 'RESTABLECER CONTRASEÑA POR PREGUNTAS DE SEGURIDAD', 'CAMBIO DE COTRASEÑA POR PREGUNTAS DE SEGURIDAD', 'UPDATE'),
(10, 'EDITAR USUARIOS', 'EDITAR INFORMACIÓN DEL USUARIO', 'UPDATE'),
(11, 'MOSTRAR USUARIOS', 'MUESTRA TODOS LOS USUARIOS REGISTRADOS', 'CONSULTA'),
(12, 'AÑADIR EMPLEADOS', 'AÑADE EMPLEADOS DE LA CLINICA', 'INSERTAR'),
(13, 'LISTA DE EMPLEADOS', 'MUESTRA TODOS LOS EMPLEADOS', 'CONSULTA'),
(14, 'MOSTRAR EMPLEADOS', 'MUESTRA LOS DATOS DEL EMPLEADO', 'CONSULTA'),
(15, 'EDITAR EMPLEADOS', 'EDITAR LOS DATOS DEL EMPLEADO', 'UPDATE'),
(16, 'AÑADIR PACIENTES', 'AÑADIR PACIENTES NUEVOS', 'INSERTAR'),
(17, 'LISTA DE PACIENTES', 'MUESTRA TODOS LOS PACIENTES ', 'CONSULTA'),
(18, 'MOSTRAR PACIENTES', 'MUESTRA LOS DATOS DEL PACIENTE', 'CONSULTA'),
(19, 'EDITAR PACIENTES', 'EDITAR LOS DATOS DEL PACIENTE', 'UPDATE'),
(20, 'AÑADIR EXPEDIENTE NUTRICIONISTA', 'AÑADE UN NUEVO EXPEDIENTE DE NUTRICIONISTA', 'INSERTAR'),
(21, 'LISTADO EXPEDIENTES NUTRICIONISTA', 'MUESTRA TODOS LOS EXPEDIENTES DE NUTRICIONISTA', 'CONSULTA'),
(22, 'MOSTRAR EXPEDIENTES NUTRICIONISTA', 'MUESTRA LOS DATOS DEL EXPEDIENTE NUTRICIONISTA ', 'CONSULTA'),
(23, 'AÑADIR EXPEDIENTE DOCTORA', 'AÑADE UN EXPEDIENTE NUEVO DE DOCTORA', 'INSERTAR'),
(24, 'LISTADO EXPEDIENTES DOCTORA', 'MUESTRA TODOS LOS EXPEDIENTES DE LA DOCTORA', 'CONSULTA'),
(25, 'MOSTRAR FOTO IRIS EXPEDIENTE DOCTORA', 'MUESTRA LA FOTO DEL IRIS DEL EXPEDIENTE DOCTORA DE SU CORRESPONDIENTE PACIENTE', 'CONSULTA'),
(26, 'MOSTRAR EXPEDIENTE DOCTORA', 'MUESTRA LOS DATOS DEL EXPEDIENTE DOCTORA', 'CONSULTA'),
(27, 'AÑADIR CITA', 'AÑADIR UNA NUEVA CITA', 'INSERTAR'),
(28, 'MOSTRAR CITAS', 'MUESTRA LAS CITAS DEL DIA ', 'CONSULTA'),
(29, 'EDITAR CITAS', 'EDITA LAS CITAS DEL DIA ', 'UPDATE'),
(30, 'LISTADO DE PARÁMETROS', 'MUESTRA LOS PARÁMETROS DEL SISTEMA', 'CONSULTA'),
(31, 'LISTADO DE ROLES', 'MUESTRA LOS ROLES DEL SISTEMA', 'CONSULTA'),
(32, 'EDITAR ROLES', 'EDITA LOS ROLES DE LOS USUARIOS', 'UPDATE'),
(33, 'MOSTRAR BITÁCORA', 'MUESTRA LA BITÁCORA DEL SISTEMA', 'CONSULTA'),
(34, 'AÑADIR ROL', 'AÑADE UN ROL NUEVO AL SISTEMA', 'INSERTAR'),
(35, 'EDITAR PARÁMETROS', 'EDITA LOS PARÁMETOS DEL SISTEMA', 'UPDATE'),
(36, 'MOSTRAR PERMISOS DEL SISTEMA', 'MUESTRA TODOS LOS PERMISOS ASIGNADOS A LOS ROLES DEL SISTEMA', 'CONSULTA'),
(37, 'GENERAL', 'CERRO SESIÓN DEL SISTEMA', 'MOSTRAR'),
(38, 'INDEX ADMINISTRADOR', 'PÁGINA PRINCIPAL ADMINISTRADOR', 'INGRESO'),
(39, 'INDEX GENERAL', 'PÁGINA PRINCIPAL GENERAL', 'INGRESO'),
(40, 'BACKUP/RESTORE', 'RESTABLECE LA BASE DE DATOS Y HACE COPIA DE SEGURIDAD', 'CONSULTAR'),
(41, 'CITAS DEL DÍA ', 'MUESTRA LAS CITAS DEL DÍA ', 'CONSULTA'),
(42, 'MOSTRAR USUARIO', 'MUESTRA INFORMACIÓN GENERAL DE LOS USUARIOS', ''),
(43, 'MOSTRAR PROFESIONES/OCUPACIONES', 'MUESTRA TODAS LAS PROFESIONES/OCUPACIONES QUE EXISTEN', 'CONSULTA'),
(44, 'AÑADIR PROFESIONES /OCUPACIONES', 'PARA AGREGAR NUEVAS PROFESIONES/OCUPACIONES', 'INSERTAR'),
(45, 'EDITAR PROFESIONES/OCUPACIONES', 'PARA ACTUALIZAR LAS PROFESIONES/OCUPACIONES', 'UPDATE'),
(46, 'MOSTRAR PREGUNTAS DE SEGURIDAD', 'LISTADO DE PREGUNTAS DE SEGURIDAD PARA RECUPERAR CONTRASEÑA', 'CONSULTA'),
(47, 'AÑADIR PREGUNTAS DE SEGURIDAD ', 'CREA NUEVAS PREGUNTAS DE SEGURIDAD PARA LA RECUPERACIÓN DE CONTRASEÑA', 'INSERTAR'),
(48, 'EDITAR PREGUNTAS DE SEGURIDAD', 'ACTUALIZA PREGUNTAS DE SEGURIDAD PARA LA RECUPERACIÓN DE CONTRASEÑA', 'UPDATE'),
(49, 'MOSTRAR PANTALLAS DEL SISTEMA', 'SE VISUALIZA TODAS LAS MÓDULOS QUE HAY EN EL SISTEMA', 'CONSULTA'),
(50, 'EDITAR PANTALLAS DEL SISTEMA', 'ACTUALIZA PANTALLAS DEL SISTEMA', 'UPDATE'),
(51, 'MOSTRAR NACIONALIDADES', 'LISTADO DE NACIONALIDADES', 'CONSULTA'),
(52, 'AÑADIR NACIONALIDADES', 'PARA CREAR UNA NUEVA NACIONALIDAD', 'INSERTAR'),
(53, 'EDITAR NACIONALIDAD', 'PARA ACTUALIZAR NACIONALIDAD', 'UPDATE'),
(54, 'MOSTRAR HORARIOS DE CITAS', 'LISTADO DE HORARIOS DE CITAS', 'CONSULTA'),
(55, 'MOSTRAR PREGUNTAS DE SEGURIDAD GUARDADAS DE LOS USUARIOS', 'LISTADO DE PREGUNTAS DE SEGURIDAD DE USUARIOS DEL SISTEMA', 'CONSULTA'),
(56, 'AÑADIR PERMISOS', 'AÑADE PERMISOS AL SISTEMA', 'INSERTAR'),
(57, 'ACTUALIZAR PERMISOS', 'ACTUALIZA LOS PERMISOS DEL SISTEMA', 'UPDATE'),
(58, 'MOSTRAR PERMISOS PERMISOS ', 'MUESTRA LOS PERMISOS DEL SISTEMA', 'CONSULTA'),
(59, 'REPORTE DINAMICA CITAS', 'CREA REPORTES DINAMICOS ', 'CONSULTAR'),
(60, 'REPORTE DINAMICO BITACORA', 'CREA REPORTE DINAMICOS DE BITACORA', 'CONSULTAR');

-- --------------------------------------------------------

--
-- Estructura de tabla para la tabla `tbl_ocupaciones`
--

CREATE TABLE `tbl_ocupaciones` (
  `OCU_CODIGO` int(11) NOT NULL,
  `OCU_NOMBRE` varchar(254) NOT NULL
) ENGINE=InnoDB DEFAULT CHARSET=utf8mb4;

--
-- Volcado de datos para la tabla `tbl_ocupaciones`
--

INSERT INTO `tbl_ocupaciones` (`OCU_CODIGO`, `OCU_NOMBRE`) VALUES
(1, 'ABOGADO'),
(2, 'ACTOR/ACTRIZ/ARTISTA/DIRECTOR DE ESPECTÁCULOS'),
(3, 'ACTUARIO'),
(4, 'ADMINISTRADOR'),
(5, 'ADUANERO/AGENTE DE ADUANAS/INSPECTORES DE FRONTERAS	'),
(6, 'AEROMOZO/AZAFATA	'),
(7, 'AGENTE/INTERMEDIARIO/CORREDOR INMOBILIARIO	'),
(8, 'AGENTE DE BOLSA'),
(9, 'AGENTE DE INMIGRACIÓN/MIGRACIÓN	'),
(10, 'AGENTE DE TURISMO/VIAJES	'),
(11, 'AGENTE/INTERMEDIARIO/CORREDOR DE SEGUROS	'),
(12, 'AGRICULTOR/AGRÓNOMO/AGRÓLOGO/ARBORICULTOR'),
(13, 'ALBAÑIL/OBRERO DE CONSTRUCCIÓN'),
(14, 'AMA DE CASA	'),
(15, 'ANALISTA DE SISTEMA Y COMPUTACIÓN'),
(16, 'ANTROPÓLOGO/ARQUEÓLOGO/ETNÓLOGO'),
(17, 'ARCHIVERO'),
(18, 'ARMADOR DE BARCO'),
(19, 'ARQUITECTO'),
(20, 'ARTESANO'),
(21, 'ASISTENTE SOCIAL'),
(22, 'AUTOR LITERARIO/ESCRITOR'),
(23, 'AVICULTOR'),
(24, 'BACTERIÓLOGO/FARMACÓLOGO/BIÓLOGO/CIENTÍFICO'),
(25, 'RECOLECTOR DE DESECHOS/BARRENDERO'),
(26, 'CAJERO'),
(27, 'CAMARERO/BARMAN/MESERO/CHEF	'),
(28, 'CAMBISTA/COMPRA/VENTA DE MONEDA	'),
(29, 'CAMPESINO'),
(30, 'CAPATAZ'),
(31, 'CARGADOR'),
(32, 'CARPINTERO'),
(33, 'CARTERO'),
(34, 'CERRAJERO'),
(35, 'COBRADOR'),
(36, 'COMERCIANTE/VENDEDOR	'),
(37, 'CONDUCTOR/CHOFER/TAXISTA	'),
(38, 'CONSERJE/PORTERO/GUARDIÁN/VIGILANTE'),
(39, 'CONSTRUCTOR'),
(40, 'CONTADOR'),
(41, 'CONTRATISTA'),
(42, 'CORTE Y CONFECCIÓN DE ROPA/FABRICANTE DE PRENDAS'),
(43, 'COSMETÓLOGO/PELUQUERO/BARBERO'),
(44, 'DECORADOR/DIBUJANTE/PUBLICISTA'),
(45, 'DENTISTA/ODONTÓLOGO'),
(46, 'DEPORTISTA PROFESIONAL/ATLETA/ÁRBITRO	'),
(47, 'DISTRIBUIDOR'),
(48, 'DOCENTE'),
(49, 'ECONOMISTA'),
(50, 'ELECTRICISTA'),
(51, 'EMPLEADA(O) DEL HOGAR/ NANA'),
(52, 'EMPRESARIO EXPORTADOR/EMPRESARIO IMPORTADOR'),
(53, 'ENFERMERO	'),
(54, 'ENSAMBLADOR'),
(55, 'ESCULTOR'),
(56, 'ESTUDIANTE'),
(57, 'FOTÓGRAFO/OPERADORES CÁMARA,CINE Y TV/LOCUTOR'),
(58, 'GANADERO	'),
(59, '	GASFITERO	'),
(60, 'HISTORIADOR	'),
(61, 'INGENIERO'),
(62, 'INTÉRPRETE/TRADUCTOR'),
(63, 'JARDINERO'),
(64, 'JOCKEY'),
(65, 'JOYERO Y/O PLATERO / ORFEBRE'),
(66, 'JUBILADO / PENSIONISTA'),
(67, 'LABORATORISTA (TÉCNICO)	'),
(68, 'LIQUIDADOR RECLAMACIONES/SEGUROS	'),
(69, 'MAQUINISTA / OPERADOR DE MAQUINARIA'),
(70, 'MARTILLERO/SUBASTADOR	'),
(71, 'MAYORISTA	'),
(72, 'MECÁNICO'),
(73, 'MÉDICO/CIRUJANO'),
(74, 'METALURGISTA	'),
(75, 'MIEMBRO D ELAS FUERZAS ARMADAS'),
(76, 'NUTRICIONISTA'),
(77, 'OBRERO/OPERADOR'),
(78, 'OBSTETRIZ'),
(79, 'ORGANIZADOR DE EVENTOS'),
(80, 'PANADERO/PASTELERO	'),
(81, 'PARAMÉDICO'),
(82, 'PERIODISTA'),
(83, 'PERITO'),
(84, 'PESCADOR'),
(85, 'PILOTO'),
(86, 'PINTOR'),
(87, 'POLICÍA MUNICIPAL'),
(88, 'POLICÍA PNP'),
(89, 'PRODUCTOR DE CINE / RADIO / TELEVISIÓN / TEATRO'),
(90, 'PRODUCTOR DE CULTIVOS EXTENSIVOS'),
(91, 'PROGRAMADOR'),
(92, 'PSICÓLOGO / TERAPEUTA'),
(93, 'QUIROPRÁCTICO/KINESITERAPEUTA (KINESIÓLOGOS)	'),
(94, 'RELACIONISTA PÚBLICO E INDUSTRIAL'),
(95, 'RELOJERO'),
(96, 'REPARACIÓN DE AUTOMÓVILES/PINTOR RETOCADOR'),
(97, 'REPARADOR DE APARATOS ELECTRODOMÉSTICOS'),
(98, 'REPARTIDOR'),
(99, 'SACERDOTE/MOJA'),
(100, 'SECRETARIA/RECEPCIONISTA/TELEFONISTA'),
(101, 'SEGURIDAD/GUARDAESPALDAS/GUARDIA DE SEGURIDAD	'),
(102, '	SERVICIO DE ALMACENAMIENTO/ALMACENERO	'),
(103, 'SERVICIO DE ALQUILER DE VEHÍCULOS'),
(104, 'SERVICIOS DE ALQUILER DE VIDEOS Y EQUIPOS DE SONIDO'),
(105, 'SOCIÓLOGO'),
(106, 'TASADOR'),
(107, 'TÉCNICO'),
(108, 'TORERO'),
(109, 'TRAMITADOR'),
(110, 'TRANSPORTE DE CARGA Y MUDANZA'),
(111, 'TRANSPORTISTA'),
(112, 'VENDEDOR AMBULANTE'),
(113, 'VETERINARIO/ZOÓLOGO/ZOOTÉCNICO'),
(114, 'VISITADOR MÉDICO'),
(115, 'ZAPATERO'),
(116, 'NO DECLARA'),
(117, 'OTROS');

-- --------------------------------------------------------

--
-- Estructura de tabla para la tabla `tbl_paises`
--

CREATE TABLE `tbl_paises` (
  `PAIS_CODIGO` int(11) NOT NULL,
  `PAIS_NOMBRE` varchar(200) NOT NULL
) ENGINE=InnoDB DEFAULT CHARSET=utf8;

--
-- Volcado de datos para la tabla `tbl_paises`
--

INSERT INTO `tbl_paises` (`PAIS_CODIGO`, `PAIS_NOMBRE`) VALUES
(1, 'ALBANA'),
(2, 'ANDORRANO'),
(3, 'AUSTRIACA'),
(4, 'BELGA'),
(5, 'BIELORUSO'),
(6, 'BOSNIO'),
(7, 'BÚLGARA'),
(8, 'CROATA'),
(9, 'CHIPRIOTA'),
(10, 'CHECA'),
(11, 'DANESA'),
(12, 'HOLANDESA'),
(13, 'ESTONIO'),
(14, 'FINÉS'),
(15, 'FRANCESA'),
(16, 'ALEMANA'),
(17, 'GRECO-CHIPRIOTA'),
(18, 'GRIEGA'),
(19, 'HÚNGARA'),
(20, 'ISLANDESA'),
(21, 'IRLANDESA'),
(22, 'ITALIANA'),
(23, 'LETONIO'),
(24, 'LIECHTENSTEINIANA'),
(25, 'LITUANA'),
(26, 'LUXEMBURGUESA'),
(27, 'MACEDONIO'),
(28, 'MALTESA'),
(29, 'MOLDAVO'),
(30, 'MONAQUESA'),
(31, 'MONTENEGRINO'),
(32, 'NORUEGA'),
(33, 'POLACA'),
(34, 'PORTUGUESA'),
(35, 'RUMANA'),
(36, 'RUSA'),
(37, 'SANMARINENSE'),
(38, 'SERBIA'),
(39, 'ESLOVACA'),
(40, 'ESLOVENA'),
(41, 'ESPAÑOLA'),
(42, 'SUECA'),
(43, 'SUIZO'),
(44, 'TURCA'),
(45, 'UCRANIANA'),
(46, 'VATICANO'),
(47, 'AMERICANO'),
(48, 'ANTIGUANO'),
(49, 'ARGENTINA'),
(50, 'BAHAMEÑA'),
(51, 'BARBADENCE'),
(52, 'BELICEÑA'),
(53, 'BOLIVIANA'),
(54, 'BRASILEÑA'),
(55, 'CANADIENSE'),
(56, 'COLOMBIANA'),
(57, 'COSTARRICENSE'),
(58, 'CUBANO'),
(59, 'CHILENO'),
(60, 'DOMINIQUÉS'),
(61, 'DOMINICANA'),
(62, 'ECUATORIANO'),
(63, 'GROENLANDESA'),
(64, 'GRANADINO'),
(65, 'GUATEMALTECO'),
(66, 'GUAYANÉS'),
(67, 'HAITIANA'),
(68, 'HONDUREÑA'),
(69, 'JAMAICANA'),
(70, 'MEXICANA'),
(71, 'NICARAGUENSE'),
(72, 'PANAMEÑA'),
(73, 'PARAGUAYA'),
(74, 'PERUANA'),
(75, 'SALVADOREÑA'),
(76, 'SANVICENTINO'),
(77, 'SURINAMES'),
(78, 'URUGUAYA'),
(79, 'VENEZOLANA'),
(80, 'ARGELINA'),
(81, 'ANGOLANA'),
(82, 'LESOTENSE'),
(83, 'BENINÉS'),
(84, 'BOTSUANA'),
(85, 'BURKINESA'),
(86, 'BURUNDESA'),
(87, 'CAMERUNESA'),
(88, 'CABOVERDIANA'),
(89, 'CENTROAFRICANA'),
(90, 'COMORENSE'),
(91, 'CONGOLEÑA'),
(92, 'CHADIANA'),
(93, 'EGIPCIA'),
(94, 'ERITREA'),
(95, 'ETÍOPE'),
(96, 'GABONESA'),
(97, 'GAMBIANA'),
(98, 'GHANESA'),
(99, 'GUINEANA'),
(100, 'MARFILEÑA'),
(101, 'KENIATA'),
(102, 'LAOSIANA'),
(103, 'LIBANESA'),
(104, 'LEBERIANA'),
(105, 'LIBIANES'),
(106, 'MALGACHE'),
(107, 'MALAUI'),
(108, 'MALIENSE'),
(109, 'MAURITANA'),
(110, 'MAURICIANO'),
(111, 'MARROQUÍ'),
(112, 'MOZAMBIQUEÑO'),
(113, 'NAMIBIO'),
(114, 'NIGERIANO'),
(115, 'RUANDESA'),
(116, 'SENEGALÉS'),
(117, 'SEYCHELENSE'),
(118, 'SIERRALEONES'),
(119, 'SOMALÍ'),
(120, 'SUDAFRICANA'),
(121, 'SUDANESA'),
(122, 'SUAZI'),
(123, 'TANZANO'),
(124, 'TOGOLES'),
(125, 'TUNECINA'),
(126, 'UGANDESA'),
(127, 'ZAMBIANA'),
(128, 'ZIMBABUENSE'),
(129, 'AFGANA'),
(130, 'ARMENIA'),
(131, 'BANGLADESI'),
(132, 'BAREINI'),
(133, 'BRUNEANA'),
(134, 'BIRMANA'),
(135, 'CAMBOYANA'),
(136, 'CEILANDESA'),
(137, 'CHINA'),
(138, 'GEORGIANA'),
(139, 'INDIA'),
(140, 'INDIONISIO'),
(141, 'IRANÍ'),
(142, 'IRAQUÍ'),
(143, 'ISRAELÍ'),
(144, 'JAPONÉS'),
(145, 'JORDANA'),
(146, 'KAZAJO'),
(147, 'KUWAITÍ'),
(148, 'KIRGUÍS'),
(149, 'MALAYA'),
(150, 'MALDIVO'),
(151, 'MONGÓL'),
(152, 'NORCOREANO'),
(153, 'OMANÉS'),
(154, 'PAKISTANÍ'),
(155, 'FILIPINO'),
(156, 'CATARI'),
(157, 'SAUDÍ'),
(158, 'SINGAPURENSE'),
(159, 'SURCOREANO'),
(160, 'SIRIO'),
(161, 'TAILANDÉS'),
(162, 'TIMORENSE'),
(163, 'UZBECO'),
(164, 'VIETNAMITA'),
(165, 'YEMENÍ'),
(166, 'AUSTRALIANA'),
(167, 'KIRIBATIANO'),
(168, 'MARSHALES'),
(169, 'NAURUANO'),
(170, 'NEOZELANDÉS'),
(171, 'NIUANO'),
(172, 'PAPÚ'),
(173, 'SAMOANA'),
(174, 'SALOMONENSE'),
(175, 'TONGANO'),
(176, 'TUVALUANO'),
(177, 'VANUATUENSE');

-- --------------------------------------------------------

--
-- Estructura de tabla para la tabla `tbl_parametros`
--

CREATE TABLE `tbl_parametros` (
  `PARMT_CODIGO` int(7) NOT NULL,
  `USU_CODIGO` int(7) NOT NULL,
  `PARMT_NOMBRE` varchar(50) NOT NULL,
  `PARMT_DESCRIPCION` varchar(80) NOT NULL,
  `PARMT_VALOR` varchar(100) NOT NULL
) ENGINE=InnoDB DEFAULT CHARSET=utf8;

--
-- Volcado de datos para la tabla `tbl_parametros`
--

INSERT INTO `tbl_parametros` (`PARMT_CODIGO`, `USU_CODIGO`, `PARMT_NOMBRE`, `PARMT_DESCRIPCION`, `PARMT_VALOR`) VALUES
(1, 1, 'ADMIN_PREGUNTAS', 'LÍMITE DE PREGUNTAS REGISTRADAS', '3'),
(2, 1, 'ADMIN_INTENTOS', 'LÍMITE DE INTENTOS PARA ENTRAR AL SISTEMA', '3'),
(3, 1, 'ADMIN_CORREO', 'PARA ENVIAR CORREO A LOS NUEVOS USUARIOS ', 'system32unah@gmail.com'),
(4, 1, 'ADMIN_CPUERTO', 'PUERTO PARA ENVIAR CORREOS', '587'),
(5, 1, 'ADMIN_CUSER', 'USUARIO QUE ENVÍA CORREOS', 'System32'),
(6, 1, 'ADMIN_CPASS', 'CONTRASEÑA DEL CORREO QUE ENVÍA CORREOS', 'coronavirus2020');

-- --------------------------------------------------------

--
-- Estructura de tabla para la tabla `tbl_permisos`
--

CREATE TABLE `tbl_permisos` (
  `PERM_CODIGO` int(11) NOT NULL,
  `ROL_CODIGO` int(11) NOT NULL,
  `OBJ_CODIGO` int(11) NOT NULL,
  `PERM_CONSULTAR` int(11) NOT NULL,
  `PERM_INSERTAR` int(11) NOT NULL,
  `PERM_ACTUALIZAR` int(11) NOT NULL,
  `PERM_ELIMINAR` int(11) NOT NULL
) ENGINE=InnoDB DEFAULT CHARSET=utf8;

--
-- Volcado de datos para la tabla `tbl_permisos`
--

INSERT INTO `tbl_permisos` (`PERM_CODIGO`, `ROL_CODIGO`, `OBJ_CODIGO`, `PERM_CONSULTAR`, `PERM_INSERTAR`, `PERM_ACTUALIZAR`, `PERM_ELIMINAR`) VALUES
(1, 1, 11, 1, 1, 1, 1),
(2, 1, 18, 1, 1, 1, 1),
(3, 1, 24, 1, 1, 0, 1),
(4, 1, 22, 1, 1, 0, 1),
(5, 1, 28, 1, 1, 1, 1),
(6, 1, 30, 1, 0, 1, 0),
(7, 1, 31, 1, 1, 1, 1),
(8, 1, 33, 1, 0, 0, 0),
(9, 1, 40, 1, 0, 0, 0),
(10, 1, 36, 1, 1, 1, 1),
(21, 1, 54, 1, 0, 0, 0),
(22, 1, 55, 1, 0, 0, 0),
(23, 1, 49, 1, 0, 1, 0),
(24, 1, 43, 1, 1, 1, 1),
(25, 1, 51, 1, 1, 1, 1),
(26, 1, 46, 1, 1, 1, 1);

-- --------------------------------------------------------

--
-- Estructura de tabla para la tabla `tbl_personas`
--

CREATE TABLE `tbl_personas` (
  `PER_CODIGO` int(7) NOT NULL,
  `PAIS_CODIGO` int(11) NOT NULL,
  `OCU_CODIGO` int(11) NOT NULL,
  `PER_NUMERO_IDENTIDAD` varchar(16) NOT NULL,
  `PER_PASAPORTE` varchar(20) DEFAULT NULL,
  `PER_NOMBRES` varchar(45) NOT NULL,
  `PER_APELLIDOS` varchar(45) NOT NULL,
  `PER_FECHA_NACIMIENTO` date NOT NULL,
  `PER_FECHA_CREACION` date NOT NULL,
  `PER_GENERO` varchar(20) NOT NULL,
  `PER_TEL_FIJO` varchar(10) DEFAULT NULL,
  `PER_CELULAR` varchar(10) NOT NULL,
  `PER_DIRECCION` varchar(45) NOT NULL,
  `PER_CORREO` varchar(35) NOT NULL,
  `PER_RTN` varchar(20) DEFAULT NULL
) ENGINE=InnoDB DEFAULT CHARSET=utf8;

-- --------------------------------------------------------

--
-- Estructura de tabla para la tabla `tbl_preguntas`
--

CREATE TABLE `tbl_preguntas` (
  `PRE_CODIGO` int(11) NOT NULL,
  `PRE_NOMBRE` varchar(100) NOT NULL
) ENGINE=InnoDB DEFAULT CHARSET=utf8;

--
-- Volcado de datos para la tabla `tbl_preguntas`
--

INSERT INTO `tbl_preguntas` (`PRE_CODIGO`, `PRE_NOMBRE`) VALUES
(1, '¿CUÁL ES TU PLATO PREFERIDO?'),
(2, '¿CUÁL ES TU CIUDAD FAVORITA?'),
(3, '¿CUÁL ES TU SERIE FAVORITA?'),
(4, '¿CÓMO SE LLAMA TU PERRO PREFERIDO?'),
(5, '¿LIBRO FAVORITO?'),
(6, '¿TIPO DE CALZADO PREFERIDO?'),
(7, '¿RESTAURANTE PREFERIDO?'),
(8, '¿QUÉ TIPO DE MÚSICA PREFIERES?'),
(9, '¿CUÁL ES TU COLOR FAVORITO?'),
(10, '¿CUÁL ES EL SEGUNDO NOMBRE DE TU MADRE?'),
(11, '¿CUÁL ES EL SEGUNDO NOMBRE DE TU PADRE?'),
(12, '¿NOMBRE DE TU MAESTRO FAVORITO?'),
(13, '¿LUGAR DE NACIMIENTO DE TU MADRE?'),
(14, '¿LUGAR DE NACIMIENTO DE TU PADRE?'),
(15, '¿CUÁL ES TU PELICULA FAVORITA?'),
(16, '¿CUÁL ES EL NOMBRE DE ACTOR O ACTRIZ FAVORITO?');

-- --------------------------------------------------------

--
-- Estructura de tabla para la tabla `tbl_preguntas_usuario`
--

CREATE TABLE `tbl_preguntas_usuario` (
  `PREUSU_CODIGO` int(7) NOT NULL,
  `PRE_CODIGO` int(7) NOT NULL,
  `USU_CODIGO` int(7) NOT NULL,
  `PREUSU_RESPUESTA` varchar(100) NOT NULL
) ENGINE=InnoDB DEFAULT CHARSET=utf8;

--
-- Volcado de datos para la tabla `tbl_preguntas_usuario`
--

INSERT INTO `tbl_preguntas_usuario` (`PREUSU_CODIGO`, `PRE_CODIGO`, `USU_CODIGO`, `PREUSU_RESPUESTA`) VALUES
(1, 1, 1, 'POLLO'),
(2, 9, 1, 'ROJO'),
(3, 15, 1, 'SPIDERMAN');

-- --------------------------------------------------------

--
-- Estructura de tabla para la tabla `tbl_rol`
--

CREATE TABLE `tbl_rol` (
  `ROL_CODIGO` int(7) NOT NULL,
  `ROL_NOMBRE` varchar(30) NOT NULL,
  `ROL_DESCRIPCION` varchar(45) NOT NULL
) ENGINE=InnoDB DEFAULT CHARSET=utf8;

--
-- Volcado de datos para la tabla `tbl_rol`
--

INSERT INTO `tbl_rol` (`ROL_CODIGO`, `ROL_NOMBRE`, `ROL_DESCRIPCION`) VALUES
(1, 'ADMINISTRADOR', 'ENCARGADO DEL SISTEMA'),
(2, 'NUEVO', 'USUARIO NUEVO'),
(3, 'DOCTORES', 'DOCTORA GENERAL'),
(4, 'NUTRICIONISTA', 'ÁREA DE NUTRICIONISTA');

-- --------------------------------------------------------

--
-- Estructura de tabla para la tabla `tbl_usuario`
--

CREATE TABLE `tbl_usuario` (
  `USU_CODIGO` int(7) NOT NULL,
  `ROL_CODIGO` int(7) NOT NULL,
  `PAIS_CODIGO` int(11) NOT NULL,
  `USU_USUARIO` varchar(15) NOT NULL,
  `USU_NOMBRES` varchar(50) NOT NULL,
  `USU_APELLIDOS` varchar(50) NOT NULL,
  `USU_PASSWORD` varchar(255) NOT NULL,
  `USU_ESTADO` varchar(100) NOT NULL,
  `USU_FECHA_CREACION` date NOT NULL,
  `USU_FECHA_VENCIMIENTO` date NOT NULL,
  `USU_TOKEN` varchar(50) DEFAULT NULL,
  `USU_FECHA_TOKEN` date DEFAULT NULL,
  `USU_CORREO` varchar(50) NOT NULL,
  `USU_FECHA_NACIMIENTO` date NOT NULL,
  `USU_CELULAR` varchar(10) NOT NULL,
  `USU_TEL_FIJO` varchar(10) NOT NULL,
  `USU_IDENTIDAD` varchar(16) NOT NULL,
  `USU_RTN` varchar(20) NOT NULL,
  `USU_GENERO` varchar(20) NOT NULL,
  `USU_DIRECCION` varchar(200) NOT NULL,
  `USU_PASAPORTE` varchar(20) NOT NULL
) ENGINE=InnoDB DEFAULT CHARSET=utf8;

--
-- Volcado de datos para la tabla `tbl_usuario`
--

INSERT INTO `tbl_usuario` (`USU_CODIGO`, `ROL_CODIGO`, `PAIS_CODIGO`, `USU_USUARIO`, `USU_NOMBRES`, `USU_APELLIDOS`, `USU_PASSWORD`, `USU_ESTADO`, `USU_FECHA_CREACION`, `USU_FECHA_VENCIMIENTO`, `USU_TOKEN`, `USU_FECHA_TOKEN`, `USU_CORREO`, `USU_FECHA_NACIMIENTO`, `USU_CELULAR`, `USU_TEL_FIJO`, `USU_IDENTIDAD`, `USU_RTN`, `USU_GENERO`, `USU_DIRECCION`, `USU_PASAPORTE`) VALUES
(1, 1, 68, 'ADMINISTRADOR', 'ADMINISTRADOR', 'ADMINISTRADOR', '$2y$12$DhLDEzW/VIF5WrZIRvgVbufgOSaxt3/.yXuBADNqGwuP8BA2fxyWe', 'ACTIVO', '2020-04-18', '2021-04-18', '', '0000-00-00', 'cerratodanery94@gmail.com', '0000-00-00', '', '', '', '', '', '', ''),
(3, 4, 68, 'LILIANA', 'LILIANA', 'DIAZ', '$2y$12$CR6cZnXn7Ri.joLUXxJ2EuAMpvtwZHHcyJ5KetfAf8aBazdctZJvy', 'NUEVO', '2020-04-21', '2021-04-21', '', '0000-00-00', 'cerrato@gmail.com', '2020-04-21', '3303-7289', '2525-2525', '0801-1998-01455', '00000000000000', 'MUJER', 'AAAAAA', 'AAAAAA');

--
-- Índices para tablas volcadas
--

--
-- Indices de la tabla `tbl_bitacora`
--
ALTER TABLE `tbl_bitacora`
  ADD PRIMARY KEY (`BIT_CODIGO`),
  ADD KEY `USU_CODIGO` (`USU_CODIGO`) USING BTREE,
  ADD KEY `OBJ_CODIGO` (`OBJ_CODIGO`) USING BTREE;

--
-- Indices de la tabla `tbl_citas`
--
ALTER TABLE `tbl_citas`
  ADD PRIMARY KEY (`CIT_CODIGO`),
  ADD KEY `PER_CODIGO` (`PER_CODIGO`),
  ADD KEY `USU_CODIGO` (`USU_CODIGO`),
  ADD KEY `HOR_CODIGO` (`HOR_CODIGO`);

--
-- Indices de la tabla `tbl_expedientes`
--
ALTER TABLE `tbl_expedientes`
  ADD PRIMARY KEY (`EXP_CODIGO`),
  ADD KEY `PER_CODIGO` (`PER_CODIGO`) USING BTREE;

--
-- Indices de la tabla `tbl_expediente_nutricionista`
--
ALTER TABLE `tbl_expediente_nutricionista`
  ADD PRIMARY KEY (`NUTRI_CODIGO`),
  ADD KEY `PER_CODIGO` (`PER_CODIGO`) USING BTREE;

--
-- Indices de la tabla `tbl_horario`
--
ALTER TABLE `tbl_horario`
  ADD PRIMARY KEY (`HOR_CODIGO`);

--
-- Indices de la tabla `tbl_imagenes`
--
ALTER TABLE `tbl_imagenes`
  ADD PRIMARY KEY (`ID_IMG`),
  ADD KEY `PER_CODIGO` (`PER_CODIGO`),
  ADD KEY `EXP_CODIGO` (`EXP_CODIGO`);

--
-- Indices de la tabla `tbl_objetos`
--
ALTER TABLE `tbl_objetos`
  ADD PRIMARY KEY (`OBJ_CODIGO`);

--
-- Indices de la tabla `tbl_ocupaciones`
--
ALTER TABLE `tbl_ocupaciones`
  ADD PRIMARY KEY (`OCU_CODIGO`);

--
-- Indices de la tabla `tbl_paises`
--
ALTER TABLE `tbl_paises`
  ADD PRIMARY KEY (`PAIS_CODIGO`);

--
-- Indices de la tabla `tbl_parametros`
--
ALTER TABLE `tbl_parametros`
  ADD PRIMARY KEY (`PARMT_CODIGO`),
  ADD KEY `USU_CODIGO` (`USU_CODIGO`) USING BTREE;

--
-- Indices de la tabla `tbl_permisos`
--
ALTER TABLE `tbl_permisos`
  ADD PRIMARY KEY (`PERM_CODIGO`),
  ADD KEY `ROL_CODIGO` (`ROL_CODIGO`),
  ADD KEY `OBJ_CODIGO` (`OBJ_CODIGO`);

--
-- Indices de la tabla `tbl_personas`
--
ALTER TABLE `tbl_personas`
  ADD PRIMARY KEY (`PER_CODIGO`),
  ADD KEY `PAIS_CODIGO` (`PAIS_CODIGO`),
  ADD KEY `OCU_CODIGO` (`OCU_CODIGO`);

--
-- Indices de la tabla `tbl_preguntas`
--
ALTER TABLE `tbl_preguntas`
  ADD PRIMARY KEY (`PRE_CODIGO`);

--
-- Indices de la tabla `tbl_preguntas_usuario`
--
ALTER TABLE `tbl_preguntas_usuario`
  ADD PRIMARY KEY (`PREUSU_CODIGO`),
  ADD KEY `USU_CODIGO` (`USU_CODIGO`),
  ADD KEY `PRE_CODIGO` (`PRE_CODIGO`,`USU_CODIGO`) USING BTREE;

--
-- Indices de la tabla `tbl_rol`
--
ALTER TABLE `tbl_rol`
  ADD PRIMARY KEY (`ROL_CODIGO`);

--
-- Indices de la tabla `tbl_usuario`
--
ALTER TABLE `tbl_usuario`
  ADD PRIMARY KEY (`USU_CODIGO`),
  ADD KEY `ROL_CODIGO` (`ROL_CODIGO`),
  ADD KEY `PAIS_CODIGO` (`PAIS_CODIGO`);

--
-- AUTO_INCREMENT de las tablas volcadas
--

--
-- AUTO_INCREMENT de la tabla `tbl_bitacora`
--
ALTER TABLE `tbl_bitacora`
  MODIFY `BIT_CODIGO` int(7) NOT NULL AUTO_INCREMENT, AUTO_INCREMENT=61;

--
-- AUTO_INCREMENT de la tabla `tbl_citas`
--
ALTER TABLE `tbl_citas`
  MODIFY `CIT_CODIGO` int(11) NOT NULL AUTO_INCREMENT;

--
-- AUTO_INCREMENT de la tabla `tbl_expedientes`
--
ALTER TABLE `tbl_expedientes`
  MODIFY `EXP_CODIGO` int(7) NOT NULL AUTO_INCREMENT;

--
-- AUTO_INCREMENT de la tabla `tbl_expediente_nutricionista`
--
ALTER TABLE `tbl_expediente_nutricionista`
  MODIFY `NUTRI_CODIGO` int(7) NOT NULL AUTO_INCREMENT;

--
-- AUTO_INCREMENT de la tabla `tbl_horario`
--
ALTER TABLE `tbl_horario`
  MODIFY `HOR_CODIGO` int(11) NOT NULL AUTO_INCREMENT, AUTO_INCREMENT=20;

--
-- AUTO_INCREMENT de la tabla `tbl_imagenes`
--
ALTER TABLE `tbl_imagenes`
  MODIFY `ID_IMG` int(11) NOT NULL AUTO_INCREMENT;

--
-- AUTO_INCREMENT de la tabla `tbl_objetos`
--
ALTER TABLE `tbl_objetos`
  MODIFY `OBJ_CODIGO` int(7) NOT NULL AUTO_INCREMENT, AUTO_INCREMENT=61;

--
-- AUTO_INCREMENT de la tabla `tbl_ocupaciones`
--
ALTER TABLE `tbl_ocupaciones`
  MODIFY `OCU_CODIGO` int(11) NOT NULL AUTO_INCREMENT, AUTO_INCREMENT=119;

--
-- AUTO_INCREMENT de la tabla `tbl_paises`
--
ALTER TABLE `tbl_paises`
  MODIFY `PAIS_CODIGO` int(11) NOT NULL AUTO_INCREMENT, AUTO_INCREMENT=179;

--
-- AUTO_INCREMENT de la tabla `tbl_parametros`
--
ALTER TABLE `tbl_parametros`
  MODIFY `PARMT_CODIGO` int(7) NOT NULL AUTO_INCREMENT, AUTO_INCREMENT=7;

--
-- AUTO_INCREMENT de la tabla `tbl_permisos`
--
ALTER TABLE `tbl_permisos`
  MODIFY `PERM_CODIGO` int(11) NOT NULL AUTO_INCREMENT, AUTO_INCREMENT=43;

--
-- AUTO_INCREMENT de la tabla `tbl_personas`
--
ALTER TABLE `tbl_personas`
  MODIFY `PER_CODIGO` int(7) NOT NULL AUTO_INCREMENT;

--
-- AUTO_INCREMENT de la tabla `tbl_preguntas`
--
ALTER TABLE `tbl_preguntas`
  MODIFY `PRE_CODIGO` int(11) NOT NULL AUTO_INCREMENT, AUTO_INCREMENT=17;

--
-- AUTO_INCREMENT de la tabla `tbl_preguntas_usuario`
--
ALTER TABLE `tbl_preguntas_usuario`
  MODIFY `PREUSU_CODIGO` int(7) NOT NULL AUTO_INCREMENT, AUTO_INCREMENT=7;

--
-- AUTO_INCREMENT de la tabla `tbl_rol`
--
ALTER TABLE `tbl_rol`
  MODIFY `ROL_CODIGO` int(7) NOT NULL AUTO_INCREMENT, AUTO_INCREMENT=10;

--
-- AUTO_INCREMENT de la tabla `tbl_usuario`
--
ALTER TABLE `tbl_usuario`
  MODIFY `USU_CODIGO` int(7) NOT NULL AUTO_INCREMENT, AUTO_INCREMENT=6;

--
-- Restricciones para tablas volcadas
--

--
-- Filtros para la tabla `tbl_bitacora`
--
ALTER TABLE `tbl_bitacora`
  ADD CONSTRAINT `tbl_bitacora_ibfk_1` FOREIGN KEY (`OBJ_CODIGO`) REFERENCES `tbl_objetos` (`OBJ_CODIGO`),
  ADD CONSTRAINT `tbl_bitacora_ibfk_2` FOREIGN KEY (`USU_CODIGO`) REFERENCES `tbl_usuario` (`USU_CODIGO`);

--
-- Filtros para la tabla `tbl_citas`
--
ALTER TABLE `tbl_citas`
  ADD CONSTRAINT `tbl_citas_ibfk_1` FOREIGN KEY (`PER_CODIGO`) REFERENCES `tbl_personas` (`PER_CODIGO`),
  ADD CONSTRAINT `tbl_citas_ibfk_2` FOREIGN KEY (`USU_CODIGO`) REFERENCES `tbl_usuario` (`USU_CODIGO`),
  ADD CONSTRAINT `tbl_citas_ibfk_3` FOREIGN KEY (`HOR_CODIGO`) REFERENCES `tbl_horario` (`HOR_CODIGO`);

--
-- Filtros para la tabla `tbl_expedientes`
--
ALTER TABLE `tbl_expedientes`
  ADD CONSTRAINT `tbl_expedientes_ibfk_1` FOREIGN KEY (`PER_CODIGO`) REFERENCES `tbl_personas` (`PER_CODIGO`);

--
-- Filtros para la tabla `tbl_expediente_nutricionista`
--
ALTER TABLE `tbl_expediente_nutricionista`
  ADD CONSTRAINT `tbl_expediente_nutricionista_ibfk_1` FOREIGN KEY (`PER_CODIGO`) REFERENCES `tbl_personas` (`PER_CODIGO`);

--
-- Filtros para la tabla `tbl_imagenes`
--
ALTER TABLE `tbl_imagenes`
  ADD CONSTRAINT `tbl_imagenes_ibfk_1` FOREIGN KEY (`EXP_CODIGO`) REFERENCES `tbl_expedientes` (`EXP_CODIGO`),
  ADD CONSTRAINT `tbl_imagenes_ibfk_2` FOREIGN KEY (`PER_CODIGO`) REFERENCES `tbl_personas` (`PER_CODIGO`);

--
-- Filtros para la tabla `tbl_parametros`
--
ALTER TABLE `tbl_parametros`
  ADD CONSTRAINT `tbl_parametros_ibfk_1` FOREIGN KEY (`USU_CODIGO`) REFERENCES `tbl_usuario` (`USU_CODIGO`);

--
-- Filtros para la tabla `tbl_permisos`
--
ALTER TABLE `tbl_permisos`
  ADD CONSTRAINT `tbl_permisos_ibfk_1` FOREIGN KEY (`ROL_CODIGO`) REFERENCES `tbl_rol` (`ROL_CODIGO`),
  ADD CONSTRAINT `tbl_permisos_ibfk_2` FOREIGN KEY (`OBJ_CODIGO`) REFERENCES `tbl_objetos` (`OBJ_CODIGO`);

--
-- Filtros para la tabla `tbl_personas`
--
ALTER TABLE `tbl_personas`
  ADD CONSTRAINT `tbl_personas_ibfk_1` FOREIGN KEY (`PAIS_CODIGO`) REFERENCES `tbl_paises` (`PAIS_CODIGO`),
  ADD CONSTRAINT `tbl_personas_ibfk_2` FOREIGN KEY (`OCU_CODIGO`) REFERENCES `tbl_ocupaciones` (`OCU_CODIGO`);

--
-- Filtros para la tabla `tbl_preguntas_usuario`
--
ALTER TABLE `tbl_preguntas_usuario`
  ADD CONSTRAINT `tbl_preguntas_usuario_ibfk_1` FOREIGN KEY (`USU_CODIGO`) REFERENCES `tbl_usuario` (`USU_CODIGO`),
  ADD CONSTRAINT `tbl_preguntas_usuario_ibfk_2` FOREIGN KEY (`PRE_CODIGO`) REFERENCES `tbl_preguntas` (`PRE_CODIGO`);

--
-- Filtros para la tabla `tbl_usuario`
--
ALTER TABLE `tbl_usuario`
  ADD CONSTRAINT `tbl_usuario_ibfk_1` FOREIGN KEY (`ROL_CODIGO`) REFERENCES `tbl_rol` (`ROL_CODIGO`),
  ADD CONSTRAINT `tbl_usuario_ibfk_2` FOREIGN KEY (`PAIS_CODIGO`) REFERENCES `tbl_paises` (`PAIS_CODIGO`);
COMMIT;

/*!40101 SET CHARACTER_SET_CLIENT=@OLD_CHARACTER_SET_CLIENT */;
/*!40101 SET CHARACTER_SET_RESULTS=@OLD_CHARACTER_SET_RESULTS */;
/*!40101 SET COLLATION_CONNECTION=@OLD_COLLATION_CONNECTION */;
